<?xml version="1.0" encoding="UTF-8"?>
<DEFECTS>
  <DEFECT>
    <SFA>
      <FILEPATH>C:\Users\denis\source\repos\labingsw022021202202cg\engine\</FILEPATH>
      <FILENAME>AABB.cpp</FILENAME>
      <LINE>186</LINE>
      <COLUMN>8</COLUMN>
    </SFA>
    <DEFECTCODE>26812</DEFECTCODE>
    <DESCRIPTION>Il tipo enum 'AABB::INTERSECTION_TYPE' non è definito nell'ambito. Preferire 'enum class' a 'enum' (enum.3).</DESCRIPTION>
    <FUNCTION>AABB::intersect</FUNCTION>
    <DECORATED>?intersect@AABB@@QEBA?AW4INTERSECTION_TYPE@1@AEBV1@@Z</DECORATED>
    <FUNCLINE>183</FUNCLINE>
    <PATH></PATH>
  </DEFECT>
  <DEFECT>
    <SFA>
      <FILEPATH>C:\Users\denis\source\repos\labingsw022021202202cg\dependencies\glm\include\glm\gtx\</FILEPATH>
      <FILENAME>component_wise.inl</FILENAME>
      <LINE>123</LINE>
      <COLUMN>22</COLUMN>
    </SFA>
    <DEFECTCODE>26498</DEFECTCODE>
    <DESCRIPTION>La funzione 'glm::vec&lt;3,float,0&gt;::length' è constexpr. Contrassegnare la variabile 'n' come constexpr se è necessaria la valutazione in fase di compilazione (con.5).</DESCRIPTION>
    <FUNCTION>glm::compMax</FUNCTION>
    <DECORATED>??$compMax@$02M$0A@@glm@@YAMAEBU?$vec@$02M$0A@@0@@Z</DECORATED>
    <FUNCLINE>120</FUNCLINE>
    <PATH></PATH>
  </DEFECT>
  <DEFECT>
    <SFA>
      <FILEPATH>C:\Users\denis\source\repos\labingsw022021202202cg\dependencies\glm\include\glm\gtx\</FILEPATH>
      <FILENAME>component_wise.inl</FILENAME>
      <LINE>114</LINE>
      <COLUMN>22</COLUMN>
    </SFA>
    <DEFECTCODE>26498</DEFECTCODE>
    <DESCRIPTION>La funzione 'glm::vec&lt;3,float,0&gt;::length' è constexpr. Contrassegnare la variabile 'n' come constexpr se è necessaria la valutazione in fase di compilazione (con.5).</DESCRIPTION>
    <FUNCTION>glm::compMin</FUNCTION>
    <DECORATED>??$compMin@$02M$0A@@glm@@YAMAEBU?$vec@$02M$0A@@0@@Z</DECORATED>
    <FUNCLINE>111</FUNCLINE>
    <PATH></PATH>
  </DEFECT>
</DEFECTS>