<?xml version="1.0" encoding="UTF-8"?>
<DEFECTS>
  <DEFECT>
    <SFA>
      <FILEPATH>C:\Users\denis\source\repos\labingsw022021202202cg\engine\</FILEPATH>
      <FILENAME>Camera.cpp</FILENAME>
      <LINE>3</LINE>
      <COLUMN>16</COLUMN>
    </SFA>
    <DEFECTCODE>26495</DEFECTCODE>
    <DESCRIPTION>La variabile 'Camera::m_projection_matrix' non è inizializzata. Inizializzare sempre una variabile membro (type.6).</DESCRIPTION>
    <FUNCTION>Camera::{ctor}</FUNCTION>
    <DECORATED>??0Camera@@QEAA@XZ</DECORATED>
    <FUNCLINE>3</FUNCLINE>
    <ADDITIONALINFO>
      <targetSymbol>Camera::m_projection_matrix</targetSymbol>
    </ADDITIONALINFO>
    <PATH></PATH>
  </DEFECT>
</DEFECTS>