<?xml version="1.0" encoding="UTF-8"?>
<DEFECTS>
  <DEFECT>
    <SFA>
      <FILEPATH>C:\Users\denis\source\repos\labingsw022021202202cg\engine\</FILEPATH>
      <FILENAME>Light.cpp</FILENAME>
      <LINE>6</LINE>
      <COLUMN>15</COLUMN>
    </SFA>
    <DEFECTCODE>26495</DEFECTCODE>
    <DESCRIPTION>La variabile 'Light::m_settings' non è inizializzata. Inizializzare sempre una variabile membro (type.6).</DESCRIPTION>
    <FUNCTION>Light::{ctor}</FUNCTION>
    <DECORATED>??0Light@@QEAA@XZ</DECORATED>
    <FUNCLINE>6</FUNCLINE>
    <ADDITIONALINFO>
      <targetSymbol>Light::m_settings</targetSymbol>
    </ADDITIONALINFO>
    <PATH></PATH>
  </DEFECT>
</DEFECTS>