<?xml version="1.0" encoding="UTF-8"?>
<DEFECTS>
  <DEFECT>
    <SFA>
      <FILEPATH>C:\Users\denis\source\repos\labingsw022021202202cg\engine\</FILEPATH>
      <FILENAME>Material.cpp</FILENAME>
      <LINE>3</LINE>
      <COLUMN>18</COLUMN>
    </SFA>
    <DEFECTCODE>26495</DEFECTCODE>
    <DESCRIPTION>La variabile 'Material::m_settings' non è inizializzata. Inizializzare sempre una variabile membro (type.6).</DESCRIPTION>
    <FUNCTION>Material::{ctor}</FUNCTION>
    <DECORATED>??0Material@@QEAA@XZ</DECORATED>
    <FUNCLINE>3</FUNCLINE>
    <ADDITIONALINFO>
      <targetSymbol>Material::m_settings</targetSymbol>
    </ADDITIONALINFO>
    <PATH></PATH>
  </DEFECT>
</DEFECTS>