<?xml version="1.0" encoding="UTF-8"?>
<DEFECTS>
  <DEFECT>
    <SFA>
      <FILEPATH>C:\Users\denis\source\repos\labingsw022021202202cg\engine\</FILEPATH>
      <FILENAME>Mesh.cpp</FILENAME>
      <LINE>4</LINE>
      <COLUMN>14</COLUMN>
    </SFA>
    <DEFECTCODE>26495</DEFECTCODE>
    <DESCRIPTION>La variabile 'Mesh::m_LOD' non è inizializzata. Inizializzare sempre una variabile membro (type.6).</DESCRIPTION>
    <FUNCTION>Mesh::{ctor}</FUNCTION>
    <DECORATED>??0Mesh@@QEAA@XZ</DECORATED>
    <FUNCLINE>4</FUNCLINE>
    <ADDITIONALINFO>
      <targetSymbol>Mesh::m_LOD</targetSymbol>
    </ADDITIONALINFO>
    <PATH></PATH>
  </DEFECT>
</DEFECTS>