<?xml version="1.0" encoding="UTF-8"?>
<DEFECTS>
  <DEFECT>
    <SFA>
      <FILEPATH>C:\Users\denis\source\repos\labingsw022021202202cg\engine\</FILEPATH>
      <FILENAME>ObjectLoader.h</FILENAME>
      <LINE>23</LINE>
      <COLUMN>1</COLUMN>
    </SFA>
    <DEFECTCODE>26495</DEFECTCODE>
    <DESCRIPTION>La variabile 'ObjectLoader::NodeType::length' non è inizializzata. Inizializzare sempre una variabile membro (type.6).</DESCRIPTION>
    <FUNCTION>ObjectLoader::NodeType::{ctor}</FUNCTION>
    <DECORATED>??0NodeType@ObjectLoader@@QEAA@XZ</DECORATED>
    <FUNCLINE>23</FUNCLINE>
    <ADDITIONALINFO>
      <targetSymbol>ObjectLoader::NodeType::length</targetSymbol>
    </ADDITIONALINFO>
    <PATH></PATH>
  </DEFECT>
  <DEFECT>
    <SFA>
      <FILEPATH>C:\Users\denis\source\repos\labingsw022021202202cg\engine\</FILEPATH>
      <FILENAME>Material.h</FILENAME>
      <LINE>14</LINE>
      <COLUMN>0</COLUMN>
    </SFA>
    <DEFECTCODE>26495</DEFECTCODE>
    <DESCRIPTION>La variabile 'MaterialSettings::roughness' non è inizializzata. Inizializzare sempre una variabile membro (type.6).</DESCRIPTION>
    <FUNCTION>MaterialSettings::{ctor}</FUNCTION>
    <DECORATED>??0MaterialSettings@@QEAA@XZ</DECORATED>
    <FUNCLINE>14</FUNCLINE>
    <ADDITIONALINFO>
      <targetSymbol>MaterialSettings::roughness</targetSymbol>
    </ADDITIONALINFO>
    <PATH></PATH>
  </DEFECT>
  <DEFECT>
    <SFA>
      <FILEPATH>C:\Users\denis\source\repos\labingsw022021202202cg\engine\</FILEPATH>
      <FILENAME>Light.h</FILENAME>
      <LINE>25</LINE>
      <COLUMN>0</COLUMN>
    </SFA>
    <DEFECTCODE>26495</DEFECTCODE>
    <DESCRIPTION>La variabile 'LightSettings::light_number' non è inizializzata. Inizializzare sempre una variabile membro (type.6).</DESCRIPTION>
    <FUNCTION>LightSettings::{ctor}</FUNCTION>
    <DECORATED>??0LightSettings@@QEAA@XZ</DECORATED>
    <FUNCLINE>25</FUNCLINE>
    <ADDITIONALINFO>
      <targetSymbol>LightSettings::light_number</targetSymbol>
    </ADDITIONALINFO>
    <PATH></PATH>
  </DEFECT>
  <DEFECT>
    <SFA>
      <FILEPATH>C:\Users\denis\source\repos\labingsw022021202202cg\engine\</FILEPATH>
      <FILENAME>Light.h</FILENAME>
      <LINE>25</LINE>
      <COLUMN>0</COLUMN>
    </SFA>
    <DEFECTCODE>26495</DEFECTCODE>
    <DESCRIPTION>La variabile 'LightSettings::spot_exponent' non è inizializzata. Inizializzare sempre una variabile membro (type.6).</DESCRIPTION>
    <FUNCTION>LightSettings::{ctor}</FUNCTION>
    <DECORATED>??0LightSettings@@QEAA@XZ</DECORATED>
    <FUNCLINE>25</FUNCLINE>
    <ADDITIONALINFO>
      <targetSymbol>LightSettings::spot_exponent</targetSymbol>
    </ADDITIONALINFO>
    <PATH></PATH>
  </DEFECT>
  <DEFECT>
    <SFA>
      <FILEPATH>C:\Users\denis\source\repos\labingsw022021202202cg\engine\</FILEPATH>
      <FILENAME>Light.h</FILENAME>
      <LINE>25</LINE>
      <COLUMN>0</COLUMN>
    </SFA>
    <DEFECTCODE>26495</DEFECTCODE>
    <DESCRIPTION>La variabile 'LightSettings::cutoff' non è inizializzata. Inizializzare sempre una variabile membro (type.6).</DESCRIPTION>
    <FUNCTION>LightSettings::{ctor}</FUNCTION>
    <DECORATED>??0LightSettings@@QEAA@XZ</DECORATED>
    <FUNCLINE>25</FUNCLINE>
    <ADDITIONALINFO>
      <targetSymbol>LightSettings::cutoff</targetSymbol>
    </ADDITIONALINFO>
    <PATH></PATH>
  </DEFECT>
  <DEFECT>
    <SFA>
      <FILEPATH>C:\Users\denis\source\repos\labingsw022021202202cg\engine\</FILEPATH>
      <FILENAME>Light.h</FILENAME>
      <LINE>25</LINE>
      <COLUMN>0</COLUMN>
    </SFA>
    <DEFECTCODE>26495</DEFECTCODE>
    <DESCRIPTION>La variabile 'LightSettings::light_type' non è inizializzata. Inizializzare sempre una variabile membro (type.6).</DESCRIPTION>
    <FUNCTION>LightSettings::{ctor}</FUNCTION>
    <DECORATED>??0LightSettings@@QEAA@XZ</DECORATED>
    <FUNCLINE>25</FUNCLINE>
    <ADDITIONALINFO>
      <targetSymbol>LightSettings::light_type</targetSymbol>
    </ADDITIONALINFO>
    <PATH></PATH>
  </DEFECT>
  <DEFECT>
    <SFA>
      <FILEPATH>C:\Users\denis\source\repos\labingsw022021202202cg\engine\</FILEPATH>
      <FILENAME>Light.h</FILENAME>
      <LINE>25</LINE>
      <COLUMN>0</COLUMN>
    </SFA>
    <DEFECTCODE>26495</DEFECTCODE>
    <DESCRIPTION>La variabile 'LightSettings::radius' non è inizializzata. Inizializzare sempre una variabile membro (type.6).</DESCRIPTION>
    <FUNCTION>LightSettings::{ctor}</FUNCTION>
    <DECORATED>??0LightSettings@@QEAA@XZ</DECORATED>
    <FUNCLINE>25</FUNCLINE>
    <ADDITIONALINFO>
      <targetSymbol>LightSettings::radius</targetSymbol>
    </ADDITIONALINFO>
    <PATH></PATH>
  </DEFECT>
</DEFECTS>