<?xml version="1.0" encoding="UTF-8"?>
<DEFECTS>
  <DEFECT>
    <SFA>
      <FILEPATH>C:\Users\denis\source\repos\labingsw022021202202cg\engine\</FILEPATH>
      <FILENAME>Texture.cpp</FILENAME>
      <LINE>8</LINE>
      <COLUMN>17</COLUMN>
    </SFA>
    <DEFECTCODE>26495</DEFECTCODE>
    <DESCRIPTION>La variabile 'Texture::m_id' non è inizializzata. Inizializzare sempre una variabile membro (type.6).</DESCRIPTION>
    <FUNCTION>Texture::{ctor}</FUNCTION>
    <DECORATED>??0Texture@@QEAA@XZ</DECORATED>
    <FUNCLINE>8</FUNCLINE>
    <ADDITIONALINFO>
      <targetSymbol>Texture::m_id</targetSymbol>
    </ADDITIONALINFO>
    <PATH></PATH>
  </DEFECT>
</DEFECTS>