﻿<?xml version="1.0" encoding="utf-8"?><DEFECTS><DEFECT>
    <SFA>
      <FILEPATH>C:\Users\denis\source\repos\labingsw022021202202cg\engine\</FILEPATH>
      <FILENAME>AABB.cpp</FILENAME>
      <LINE>186</LINE>
      <COLUMN>8</COLUMN>
    </SFA>
    <DEFECTCODE>26812</DEFECTCODE>
    <DESCRIPTION>Il tipo enum 'AABB::INTERSECTION_TYPE' non è definito nell'ambito. Preferire 'enum class' a 'enum' (enum.3).</DESCRIPTION>
    <FUNCTION>AABB::intersect</FUNCTION>
    <DECORATED>?intersect@AABB@@QEBA?AW4INTERSECTION_TYPE@1@AEBV1@@Z</DECORATED>
    <FUNCLINE>183</FUNCLINE>
    <PATH></PATH>
  </DEFECT><DEFECT>
    <SFA>
      <FILEPATH>C:\Users\denis\source\repos\labingsw022021202202cg\dependencies\glm\include\glm\gtx\</FILEPATH>
      <FILENAME>component_wise.inl</FILENAME>
      <LINE>123</LINE>
      <COLUMN>22</COLUMN>
    </SFA>
    <DEFECTCODE>26498</DEFECTCODE>
    <DESCRIPTION>La funzione 'glm::vec&lt;3,float,0&gt;::length' è constexpr. Contrassegnare la variabile 'n' come constexpr se è necessaria la valutazione in fase di compilazione (con.5).</DESCRIPTION>
    <FUNCTION>glm::compMax</FUNCTION>
    <DECORATED>??$compMax@$02M$0A@@glm@@YAMAEBU?$vec@$02M$0A@@0@@Z</DECORATED>
    <FUNCLINE>120</FUNCLINE>
    <PATH></PATH>
  </DEFECT><DEFECT>
    <SFA>
      <FILEPATH>C:\Users\denis\source\repos\labingsw022021202202cg\dependencies\glm\include\glm\gtx\</FILEPATH>
      <FILENAME>component_wise.inl</FILENAME>
      <LINE>114</LINE>
      <COLUMN>22</COLUMN>
    </SFA>
    <DEFECTCODE>26498</DEFECTCODE>
    <DESCRIPTION>La funzione 'glm::vec&lt;3,float,0&gt;::length' è constexpr. Contrassegnare la variabile 'n' come constexpr se è necessaria la valutazione in fase di compilazione (con.5).</DESCRIPTION>
    <FUNCTION>glm::compMin</FUNCTION>
    <DECORATED>??$compMin@$02M$0A@@glm@@YAMAEBU?$vec@$02M$0A@@0@@Z</DECORATED>
    <FUNCLINE>111</FUNCLINE>
    <PATH></PATH>
  </DEFECT><DEFECT>
    <SFA>
      <FILEPATH>C:\Users\denis\source\repos\labingsw022021202202cg\engine\</FILEPATH>
      <FILENAME>Camera.cpp</FILENAME>
      <LINE>3</LINE>
      <COLUMN>16</COLUMN>
    </SFA>
    <DEFECTCODE>26495</DEFECTCODE>
    <DESCRIPTION>La variabile 'Camera::m_projection_matrix' non è inizializzata. Inizializzare sempre una variabile membro (type.6).</DESCRIPTION>
    <FUNCTION>Camera::{ctor}</FUNCTION>
    <DECORATED>??0Camera@@QEAA@XZ</DECORATED>
    <FUNCLINE>3</FUNCLINE>
    <ADDITIONALINFO>
      <targetSymbol>Camera::m_projection_matrix</targetSymbol>
    </ADDITIONALINFO>
    <PATH></PATH>
  </DEFECT><DEFECT>
    <SFA>
      <FILEPATH>C:\Users\denis\source\repos\labingsw022021202202cg\engine\</FILEPATH>
      <FILENAME>Light.cpp</FILENAME>
      <LINE>6</LINE>
      <COLUMN>15</COLUMN>
    </SFA>
    <DEFECTCODE>26495</DEFECTCODE>
    <DESCRIPTION>La variabile 'Light::m_settings' non è inizializzata. Inizializzare sempre una variabile membro (type.6).</DESCRIPTION>
    <FUNCTION>Light::{ctor}</FUNCTION>
    <DECORATED>??0Light@@QEAA@XZ</DECORATED>
    <FUNCLINE>6</FUNCLINE>
    <ADDITIONALINFO>
      <targetSymbol>Light::m_settings</targetSymbol>
    </ADDITIONALINFO>
    <PATH></PATH>
  </DEFECT><DEFECT>
    <SFA>
      <FILEPATH>C:\Users\denis\source\repos\labingsw022021202202cg\engine\</FILEPATH>
      <FILENAME>Material.cpp</FILENAME>
      <LINE>3</LINE>
      <COLUMN>18</COLUMN>
    </SFA>
    <DEFECTCODE>26495</DEFECTCODE>
    <DESCRIPTION>La variabile 'Material::m_settings' non è inizializzata. Inizializzare sempre una variabile membro (type.6).</DESCRIPTION>
    <FUNCTION>Material::{ctor}</FUNCTION>
    <DECORATED>??0Material@@QEAA@XZ</DECORATED>
    <FUNCLINE>3</FUNCLINE>
    <ADDITIONALINFO>
      <targetSymbol>Material::m_settings</targetSymbol>
    </ADDITIONALINFO>
    <PATH></PATH>
  </DEFECT><DEFECT>
    <SFA>
      <FILEPATH>C:\Users\denis\source\repos\labingsw022021202202cg\engine\</FILEPATH>
      <FILENAME>Mesh.cpp</FILENAME>
      <LINE>4</LINE>
      <COLUMN>14</COLUMN>
    </SFA>
    <DEFECTCODE>26495</DEFECTCODE>
    <DESCRIPTION>La variabile 'Mesh::m_LOD' non è inizializzata. Inizializzare sempre una variabile membro (type.6).</DESCRIPTION>
    <FUNCTION>Mesh::{ctor}</FUNCTION>
    <DECORATED>??0Mesh@@QEAA@XZ</DECORATED>
    <FUNCLINE>4</FUNCLINE>
    <ADDITIONALINFO>
      <targetSymbol>Mesh::m_LOD</targetSymbol>
    </ADDITIONALINFO>
    <PATH></PATH>
  </DEFECT><DEFECT>
    <SFA>
      <FILEPATH>C:\Users\denis\source\repos\labingsw022021202202cg\engine\</FILEPATH>
      <FILENAME>ObjectLoader.h</FILENAME>
      <LINE>23</LINE>
      <COLUMN>1</COLUMN>
    </SFA>
    <DEFECTCODE>26495</DEFECTCODE>
    <DESCRIPTION>La variabile 'ObjectLoader::NodeType::length' non è inizializzata. Inizializzare sempre una variabile membro (type.6).</DESCRIPTION>
    <FUNCTION>ObjectLoader::NodeType::{ctor}</FUNCTION>
    <DECORATED>??0NodeType@ObjectLoader@@QEAA@XZ</DECORATED>
    <FUNCLINE>23</FUNCLINE>
    <ADDITIONALINFO>
      <targetSymbol>ObjectLoader::NodeType::length</targetSymbol>
    </ADDITIONALINFO>
    <PATH></PATH>
  </DEFECT><DEFECT>
    <SFA>
      <FILEPATH>C:\Users\denis\source\repos\labingsw022021202202cg\engine\</FILEPATH>
      <FILENAME>Material.h</FILENAME>
      <LINE>14</LINE>
      <COLUMN>0</COLUMN>
    </SFA>
    <DEFECTCODE>26495</DEFECTCODE>
    <DESCRIPTION>La variabile 'MaterialSettings::roughness' non è inizializzata. Inizializzare sempre una variabile membro (type.6).</DESCRIPTION>
    <FUNCTION>MaterialSettings::{ctor}</FUNCTION>
    <DECORATED>??0MaterialSettings@@QEAA@XZ</DECORATED>
    <FUNCLINE>14</FUNCLINE>
    <ADDITIONALINFO>
      <targetSymbol>MaterialSettings::roughness</targetSymbol>
    </ADDITIONALINFO>
    <PATH></PATH>
  </DEFECT><DEFECT>
    <SFA>
      <FILEPATH>C:\Users\denis\source\repos\labingsw022021202202cg\engine\</FILEPATH>
      <FILENAME>Light.h</FILENAME>
      <LINE>25</LINE>
      <COLUMN>0</COLUMN>
    </SFA>
    <DEFECTCODE>26495</DEFECTCODE>
    <DESCRIPTION>La variabile 'LightSettings::light_number' non è inizializzata. Inizializzare sempre una variabile membro (type.6).</DESCRIPTION>
    <FUNCTION>LightSettings::{ctor}</FUNCTION>
    <DECORATED>??0LightSettings@@QEAA@XZ</DECORATED>
    <FUNCLINE>25</FUNCLINE>
    <ADDITIONALINFO>
      <targetSymbol>LightSettings::light_number</targetSymbol>
    </ADDITIONALINFO>
    <PATH></PATH>
  </DEFECT><DEFECT>
    <SFA>
      <FILEPATH>C:\Users\denis\source\repos\labingsw022021202202cg\engine\</FILEPATH>
      <FILENAME>Texture.cpp</FILENAME>
      <LINE>8</LINE>
      <COLUMN>17</COLUMN>
    </SFA>
    <DEFECTCODE>26495</DEFECTCODE>
    <DESCRIPTION>La variabile 'Texture::m_id' non è inizializzata. Inizializzare sempre una variabile membro (type.6).</DESCRIPTION>
    <FUNCTION>Texture::{ctor}</FUNCTION>
    <DECORATED>??0Texture@@QEAA@XZ</DECORATED>
    <FUNCLINE>8</FUNCLINE>
    <ADDITIONALINFO>
      <targetSymbol>Texture::m_id</targetSymbol>
    </ADDITIONALINFO>
    <PATH></PATH>
  </DEFECT></DEFECTS>